{
	"variables": [],
	"info": {
		"name": "dvba",
		"_postman_id": "9494e102-7f3e-00ea-b0d2-7f35c92764eb",
		"description": "",
		"schema": "https://schema.getpostman.com/json/collection/v2.0.0/collection.json"
	},
	"item": [
		{
			"name": "Login",
			"request": {
				"url": "http://{{URL}}/api/user/login",
				"method": "POST",
				"header": [
					{
						"key": "Content-Type",
						"value": "application/json",
						"description": ""
					}
				],
				"body": {
					"mode": "raw",
					"raw": "{\n\t\"username\": \"admin\",\n\t\"password\": \"admin\"\n}"
				},
				"description": ""
			},
			"response": []
		},
		{
			"name": "View Balance",
			"request": {
				"url": "http://{{URL}}/api/balance/view",
				"method": "POST",
				"header": [
					{
						"key": "Authorization",
						"value": "Bearer {{USER_JWT}}",
						"description": ""
					}
				],
				"body": {},
				"description": ""
			},
			"response": []
		},
		{
			"name": "Register",
			"request": {
				"url": "http://{{URL}}/api/user/register",
				"method": "POST",
				"header": [
					{
						"key": "Content-Type",
						"value": "application/json",
						"description": ""
					}
				],
				"body": {
					"mode": "raw",
					"raw": "{\n\t\"username\": \"random\",\n\t\"password\": \"random\"\n}"
				},
				"description": ""
			},
			"response": []
		},
		{
			"name": "Balance Transfer",
			"request": {
				"url": "http://{{URL}}/api/balance/transfer",
				"method": "POST",
				"header": [
					{
						"key": "Authorization",
						"value": "Bearer {{USER_JWT}}",
						"description": ""
					},
					{
						"key": "Content-Type",
						"value": "application/json",
						"description": ""
					}
				],
				"body": {
					"mode": "raw",
					"raw": "{\n\t\"to_account\": 969510,\n\t\"amount\": 1337\n}"
				},
				"description": ""
			},
			"response": []
		},
		{
			"name": "Health Check",
			"request": {
				"url": "http://{{URL}}/api/health/check",
				"method": "GET",
				"header": [],
				"body": {},
				"description": ""
			},
			"response": []
		},
		{
			"name": "View Transactions",
			"request": {
				"url": "http://{{URL}}/api/transactions/view",
				"method": "POST",
				"header": [
					{
						"key": "Authorization",
						"value": "Bearer {{USER_JWT}}",
						"description": ""
					},
					{
						"key": "Content-Type",
						"value": "application/json",
						"description": ""
					}
				],
				"body": {
					"mode": "raw",
					"raw": ""
				},
				"description": ""
			},
			"response": []
		},
		{
			"name": "View beneficiary",
			"request": {
				"url": "http://{{URL}}/api/beneficiary/view",
				"method": "POST",
				"header": [
					{
						"key": "Authorization",
						"value": "Bearer {{USER_JWT}}",
						"description": ""
					}
				],
				"body": {},
				"description": ""
			},
			"response": []
		},
		{
			"name": "Add beneficiary",
			"request": {
				"url": "http://{{URL}}/api/beneficiary/add",
				"method": "POST",
				"header": [
					{
						"key": "Authorization",
						"value": "Bearer {{USER_JWT}}",
						"description": ""
					},
					{
						"key": "Content-Type",
						"value": "application/json",
						"description": ""
					}
				],
				"body": {
					"mode": "raw",
					"raw": "{\n\t\"account_number\": \"4442322\"\n}"
				},
				"description": ""
			},
			"response": []
		},
		{
			"name": "Pending beneficiary list",
			"request": {
				"url": "http://{{URL}}/api/beneficiary/pending",
				"method": "POST",
				"header": [
					{
						"key": "Authorization",
						"value": "Bearer {{ADMIN_JWT}}",
						"description": ""
					}
				],
				"body": {},
				"description": ""
			},
			"response": []
		},
		{
			"name": "Approve beneficiary",
			"request": {
				"url": "http://{{URL}}/api/beneficiary/approve",
				"method": "POST",
				"header": [
					{
						"key": "Authorization",
						"value": "Bearer {{ADMIN_JWT}}",
						"description": ""
					},
					{
						"key": "Content-Type",
						"value": "application/json",
						"description": ""
					}
				],
				"body": {
					"mode": "raw",
					"raw": "{\n\t\"id\": 10\n}"
				},
				"description": ""
			},
			"response": []
		},
		{
			"name": "User profile",
			"request": {
				"url": "http://{{URL}}/api/user/profile",
				"method": "POST",
				"header": [
					{
						"key": "Authorization",
						"value": "Bearer {{USER_JWT}}",
						"description": ""
					}
				],
				"body": {},
				"description": ""
			},
			"response": []
		},
		{
			"name": "Change password",
			"request": {
				"url": "http://{{URL}}/api/user/change-password",
				"method": "POST",
				"header": [
					{
						"key": "Authorization",
						"value": "Bearer {{USER_JWT}}",
						"description": ""
					},
					{
						"key": "Content-Type",
						"value": "application/json",
						"description": ""
					}
				],
				"body": {
					"mode": "raw",
					"raw": "{\n\t\"password\": \"old-password\",\n\t\"new_password\": \"new-password\"\n}"
				},
				"description": ""
			},
			"response": []
		}
	]
}